uID,label,accXmean,accXstd,accXmin,accXmax,accYmean,accYstd,accYmin,accYmax,accZmean,accZstd,accZmin,accZmax,gyrXmean,gyrXstd,gyrXmin,gyrXmax,gyrYmean,gyrYstd,gyrYmin,gyrYmax,gyrZmean,gyrZstd,gyrZmin,gyrZmax
1,1,-0.37849909549417243,2.625099928241241e-05,-0.3785867335348653,-0.3784096828650404,-0.37905812365878033,4.963438061805169e-05,-0.3792093758356873,-0.3786942176499991,-0.3773070666351052,4.217863220488808e-05,-0.377437567098109,-0.3770952479501463,-0.3801144352179642,0.007465580139512768,-0.4672638119161314,-0.2911671190986394,-0.38082690410554443,0.001991360628848491,-0.3978072538184698,-0.3539095193420262,-0.3818300981116617,0.0025991157836928735,-0.4167351742496127,-0.3634232628453178
1,1,-0.3785103560858586,2.6610860288935857e-05,-0.3785867335348653,-0.3784096828650404,-0.3790577910036899,5.027827013219686e-05,-0.379250625159332,-0.3786942176499991,-0.37730681617548883,4.158397059100309e-05,-0.377437567098109,-0.3770952479501463,-0.3795803050758367,0.0008571657335192944,-0.3840980989502239,-0.3705769633693811,-0.3807904221360641,0.00018749341832409176,-0.3815000780404085,-0.3798075705447921,-0.3816435517281391,0.00015607746318956685,-0.3825188643895182,-0.3804239882286541
1,1,-0.3784956858445415,0.000394100173934596,-0.3804957608219153,-0.3754943108650826,-0.3790951058237056,0.0007252459243019622,-0.3812965915354913,-0.3748928624534224,-0.37762730225682445,0.0009665665250469124,-0.3820345543030783,-0.3750890562996903,-0.3799069944661557,0.01743878576229907,-0.5296917529944294,-0.284969932723924,-0.38142812872997456,0.006315193490067063,-0.4307171233239437,-0.3385694907043172,-0.3814851857546385,0.008408675685256536,-0.4713899549877948,-0.314166813759947
1,1,-0.3761373133585581,0.0008494313099848166,-0.3782518970440374,-0.3753200124808237,-0.3776578337966492,0.0010489009738284256,-0.3810252627957935,-0.3760175940625451,-0.37803359994529645,0.0008318939428279848,-0.3827659980227538,-0.3763794062940815,-0.3797596281412642,0.018550544278419193,-0.5471565558024496,-0.2348558845111879,-0.3810512090133555,0.005617017301164849,-0.4182516701413712,-0.3413903357627675,-0.3812711406450427,0.003919759991469177,-0.3943361149114034,-0.3415076341652463
1,1,-0.37829016930980347,0.000218086699997932,-0.3786115021880591,-0.3772822467883495,-0.3796390318741555,0.0005563824682083045,-0.3811581775810471,-0.3768077478668926,-0.37868375132019577,0.0013354769531989392,-0.3830523343783469,-0.3763794062940815,-0.37933988538256636,0.027238927528229318,-0.5471565558024496,-0.1544802448418146,-0.3807876658280321,0.006441155474566571,-0.4164248355026736,-0.3413903357627675,-0.38158396316463206,0.0030570304951738118,-0.3980961486626109,-0.3621878226744646
1,1,-0.3782983755047229,0.00020581128602185052,-0.3786115021880591,-0.3772822467883495,-0.3795932559720751,0.0005762680262328628,-0.3811581775810471,-0.377664817615279,-0.37859092042297493,0.0013379597611204426,-0.3830523343783469,-0.3764252939042614,-0.37920038160402053,0.023930323211561435,-0.527706509580007,-0.1544802448418146,-0.3808602018698501,0.005765012821611593,-0.4164248355026736,-0.3511424042964735,-0.38154169580136277,0.0028469192285145747,-0.3980961486626109,-0.3621878226744646
1,1,-0.37830943454391985,0.0002835434017890515,-0.379442631088186,-0.3762190261076382,-0.3792307507207526,0.0006574537937382536,-0.3813405914014409,-0.3774063218026944,-0.3779204458526957,0.00123738070651761,-0.3830523343783469,-0.3761453814765774,-0.3796233879299297,0.022960856743576542,-0.527706509580007,-0.2464722561782252,-0.38084878446097836,0.007765670338297943,-0.4350424160355117,-0.3184743219598762,-0.3820445602934813,0.004842617150981769,-0.4252221095908113,-0.3576220661718939
1,1,-0.37834308104435826,0.00025399807438346517,-0.379442631088186,-0.3762190261076382,-0.3789386418657517,0.0008088264910396829,-0.3813405914014409,-0.3767078330768721,-0.37751097764751806,0.0010098412773515888,-0.3826384311414859,-0.375904014534053,-0.37958652387461456,0.016841262941483588,-0.4960767106580733,-0.2464722561782252,-0.38086984691332254,0.006687449221146673,-0.4350424160355117,-0.3184743219598762,-0.3820121843773507,0.004460646641837113,-0.4252221095908113,-0.3576220661718939
1,1,-0.37833500315080376,8.726775926574266e-05,-0.3786023286695992,-0.3776941419077049,-0.3793586951297093,0.00022681950947689224,-0.3803808563207291,-0.3784531379801457,-0.3777402753716044,0.0005721972990496678,-0.3819914205171499,-0.3769777766346092,-0.37960175838730015,0.006049350474809045,-0.4350974622944706,-0.3159022096808289,-0.3807915690903448,0.001226700936288789,-0.3902581330840536,-0.3735211141325024,-0.38169073958385147,0.0007936425942490494,-0.3859028951109142,-0.374300504066128
1,1,-0.3784006463914229,0.0004038540552031162,-0.3805241988058171,-0.3766034002882338,-0.3788256478191267,0.0006726415426271716,-0.38516302961971,-0.3753548547250092,-0.37720254431137795,0.000628540174784279,-0.3805496420228307,-0.3752790295176959,-0.3797829881789731,0.013052444772701939,-0.4485381118594104,-0.272146313359328,-0.3807239428976309,0.006242202829355219,-0.4188158396903652,-0.3241160124605654,-0.381597995602625,0.00561123944111483,-0.4374959345351872,-0.3496722793316041
1,1,-0.37821208737881484,0.00010972902908627715,-0.3784390382774642,-0.3771272128695325,-0.3789726191586695,0.0006968060016547019,-0.3800068630148737,-0.3755785178690476,-0.37738632398175764,0.00048128082655520037,-0.3819492041612507,-0.3760563600804691,-0.3801144352179642,0.007465580139512768,-0.4672638119161314,-0.2911671190986394,-0.38082690410554443,0.001991360628848491,-0.3978072538184698,-0.3539095193420262,-0.3818300981116617,0.0025991157836928735,-0.4167351742496127,-0.3634232628453178
1,0,-0.3780621429153892,0.0007629411376042086,-0.3786115021880591,-0.3756392542202978,-0.3794464494826027,0.0008279629007640944,-0.3811581775810471,-0.3768077478668926,-0.3785616626244528,0.0012278795852106146,-0.3829201791963102,-0.3763794062940815,-0.3793858881983769,0.023388419002589363,-0.5471565558024496,-0.1544802448418146,-0.38108305089028416,0.005811199305629424,-0.4182516701413712,-0.3413903357627675,-0.3812498308490826,0.0037611961721499324,-0.3928589586441274,-0.3415076341652463
1,0,-0.37808117733434027,0.00014513162587832552,-0.3783546413709008,-0.3776033230014874,-0.379399237232133,0.0005803750207999714,-0.3804862718122755,-0.3782569745128984,-0.37823820040166484,0.00125500668495585,-0.3809240823445029,-0.376597829815057,-0.3793509330059053,0.00610789556157857,-0.4206641850819116,-0.3446077985894272,-0.38077365371625976,0.0013755171556129014,-0.3914133358452306,-0.3676376356953595,-0.38158142636411996,0.0011993139658917763,-0.3917309480199851,-0.3743542184558066
1,0,-0.3780439910433609,0.00014531437012443686,-0.3783546413709008,-0.3777501008303666,-0.379501501202808,0.0005725091789610126,-0.3804789384374366,-0.3782569745128984,-0.37870082565693614,0.0015210617790678057,-0.3810975364524097,-0.3766923577090452,-0.3791988653886009,0.005323848983599136,-0.4181692159349595,-0.3446077985894272,-0.38075685188492603,0.0008161483814533211,-0.3853149362051313,-0.3750792956364033,-0.3816309308217152,0.000982074464521493,-0.3917309480199851,-0.375992519426826
1,0,-0.3783026013706895,1.7754332987425143e-05,-0.3783647323178827,-0.3782372189544454,-0.37922455456944343,2.2760583363505965e-05,-0.3793285402079196,-0.3790682113389383,-0.3774994727246096,2.084223638229804e-05,-0.3775935838988057,-0.37738525556002,-0.37957979493957644,0.0003656583348284812,-0.381227540404291,-0.3777936012091563,-0.38081607247406923,0.000239819538416435,-0.3821985731973296,-0.3783837150326068,-0.38167241642414174,0.00015208547053733158,-0.3823040052960962,-0.3804508456153318
1,0,-0.3779734148406598,0.00013419594395022794,-0.3783436329953968,-0.3775354382747999,-0.37976623418953825,0.0003020510080127754,-0.3803698568330965,-0.378968296165834,-0.3798134221697924,0.0015474148454162025,-0.3821777224808749,-0.3773861729900492,-0.37969343863091665,0.0064859623261754075,-0.4672638119161314,-0.3498391910985194,-0.3808873753542087,0.0011819841094153855,-0.3978072538184698,-0.3774971634872839,-0.3816341996837544,0.0008861719774895256,-0.3905492230061643,-0.375992519426826
1,0,-0.37832208702003856,2.323338015615902e-05,-0.3784179393383584,-0.3782372189544454,-0.37921162828164695,2.756073062212516e-05,-0.3793267071515228,-0.3790590449077026,-0.3774814834063555,2.6265722357509e-05,-0.3775935838988057,-0.3773457926448312,-0.3795151007213894,0.0005451097141554235,-0.3821933358029226,-0.3750303532630714,-0.3808173056307145,0.0003756841060418209,-0.3827358771641919,-0.3783837150326068,-0.3817091802239383,0.00019339205251754646,-0.382438292229485,-0.3804508456153318
1,0,-0.37829604900986824,1.5843017066850653e-05,-0.3783628974608387,-0.3782482273299494,-0.378238641465793,6.087232451229364e-05,-0.3784348051176742,-0.378015894843045,-0.3766963746833945,3.6498569013600264e-05,-0.3767832143487528,-0.3765657086413475,-0.3795979585786216,0.0005821220294379983,-0.3868076915963849,-0.3766131846108288,-0.38079651813298016,0.00020003407178285028,-0.3827090119658488,-0.379565783759704,-0.3816413763297027,0.00013324842868979428,-0.382653151322907,-0.380961135962209
1,0,-0.3784569322592285,0.00020605642392504105,-0.3804957608219153,-0.3773161893433833,-0.3788712666799845,0.00030839028831323507,-0.3801736933658492,-0.3756491003089641,-0.3771546934481194,0.00018621138323038347,-0.3784902210207155,-0.3756075829962702,-0.3794002206215487,0.008781534462114304,-0.4576595139962433,-0.304205358513175,-0.380828756877844,0.0018982476705067454,-0.3981565013969303,-0.3633123387621175,-0.38165859010316666,0.0033759001434673784,-0.4238255258672454,-0.3525997363978632
1,0,-0.37829342968668084,5.6025304369257825e-05,-0.3785610474531495,-0.3776941419077049,-0.3792331905996386,7.274201069646527e-05,-0.3800151127263691,-0.3784531379801457,-0.3775140578841019,8.656581254937123e-05,-0.3788820986495977,-0.3769777766346092,-0.3797446629792159,0.0023584124811528973,-0.4148962422563446,-0.3515829864297881,-0.3808044502685589,0.0009162494101427227,-0.3885924907867802,-0.3740584180993648,-0.38169179800240094,0.0005012256098476144,-0.3859028951109142,-0.3763953802269922
1,0,-0.3783325553489677,8.707688433341099e-05,-0.3786023286695992,-0.3776941419077049,-0.3793560204323526,0.00022752845233705294,-0.3803808563207291,-0.3784531379801457,-0.3777374935054059,0.0005729163538254709,-0.3819914205171499,-0.3769777766346092,-0.3796270001663284,0.006040495270383598,-0.4350974622944706,-0.3159022096808289,-0.3807997301111879,0.0012247149356629822,-0.3902581330840536,-0.3735211141325024,-0.38169704599812887,0.0007912606988927818,-0.3859028951109142,-0.374300504066128
1,0,-0.37851412494870723,2.58717006238559e-05,-0.3785867335348653,-0.3784096828650404,-0.37906039947659925,5.1711250657851856e-05,-0.379250625159332,-0.3786942176499991,-0.37731017370458225,4.127899637413681e-05,-0.377437567098109,-0.3770952479501463,-0.37958647235169,0.0009069107957345034,-0.3840980989502239,-0.3705769633693811,-0.38079346597627045,0.00020165508044122223,-0.3817955952221828,-0.3798075705447921,-0.3816417435953742,0.000168193904242601,-0.3825188643895182,-0.3804239882286541
10,1,-0.37792158201063536,0.0007154340610035008,-0.3785374972653423,-0.373900308110266,-0.3767955159736911,0.00029852972745447926,-0.3791436974435965,-0.3760640089159969,-0.37668518323675926,0.0006104436227735153,-0.3803480031472614,-0.3747618893511262,-0.38383954150195704,0.0061644036161839074,-0.4427624947269573,-0.3061881765472879,-0.361206076051271,0.006735413764668268,-0.4384317072482719,-0.2878167567842882,-0.37800451338918656,0.0035852995724052978,-0.4232765529282648,-0.3513775554390257
10,1,-0.3778113297976465,0.0002182636257176983,-0.3782737883433448,-0.3768215328067487,-0.3777021943167921,0.00015872171528609583,-0.3783605528721409,-0.3769111784418581,-0.37683636484813665,9.823026317960444e-05,-0.3775224255466665,-0.3762076636628553,-0.38386822747641186,0.0020950354526312843,-0.4021085743649804,-0.369509244976876,-0.36128860310137284,0.0020644732784825155,-0.3885506284294138,-0.3525973798188125,-0.37795357821827696,0.0009221328622012853,-0.387286309155084,-0.3729445375486211
10,1,-0.37779663458916785,0.00022305594632926834,-0.3782737883433448,-0.3768215328067487,-0.3776418429535128,0.00017942124887358095,-0.3783605528721409,-0.3769111784418581,-0.37681482022760976,0.00010687395795685247,-0.3775224255466665,-0.3761732845013339,-0.38389074730468337,0.002383990101549037,-0.4021085743649804,-0.3667880989836064,-0.36124937837953847,0.002120538862460147,-0.3885506284294138,-0.351004855726739,-0.37798618207560913,0.0011501255330215357,-0.3867702226628577,-0.3729445375486211
10,1,-0.3778644310927575,0.0001764892691273064,-0.3782737883433448,-0.3768215328067487,-0.37762015546751293,0.0002051812437322755,-0.3782770421969278,-0.3769111784418581,-0.37679499661463406,0.00010781816989629007,-0.3775224255466665,-0.3761732845013339,-0.3839794414702009,0.003228543567409192,-0.4157415142363204,-0.3649921430167837,-0.3612692788316329,0.0021999548706662514,-0.3885506284294138,-0.351004855726739,-0.37796490705493985,0.0012677493436562555,-0.3867702226628577,-0.3680824591548757
10,1,-0.3778324414956322,0.00016079381901832406,-0.3782737883433448,-0.3768215328067487,-0.377578352865682,0.00023577780711683932,-0.3782770421969278,-0.3765882705494051,-0.376784422287316,0.00011831672038277123,-0.3775224255466665,-0.3760199728953561,-0.38396312492560947,0.003523035386299244,-0.4157415142363204,-0.3649921430167837,-0.361307409244206,0.0023578013740725387,-0.3885506284294138,-0.351004855726739,-0.3779723955373501,0.0016794427768244459,-0.390437153390395,-0.367131774287371
10,1,-0.3778548546116083,0.00011904444164329413,-0.3780815781829911,-0.3773953782013375,-0.3775620112381107,0.00024217085878237618,-0.3782770421969278,-0.3765882705494051,-0.3767736714382111,0.00010289784321683615,-0.3771554070771413,-0.3760199728953561,-0.3839746786432059,0.0032706458618482355,-0.4157415142363204,-0.3649921430167837,-0.36127842610733485,0.0014640453582946695,-0.3711678257519397,-0.351004855726739,-0.37799096396420595,0.001533407584829741,-0.390437153390395,-0.367131774287371
10,1,-0.37785777726562747,0.00012093142270151028,-0.3780815781829911,-0.3773953782013375,-0.3775604900953555,0.0002445773631526203,-0.3782770421969278,-0.3765882705494051,-0.3767733424237595,0.0001041799934121279,-0.3771554070771413,-0.3760199728953561,-0.3839654445910463,0.003351089957698065,-0.4157415142363204,-0.3649921430167837,-0.3613084712204065,0.0015307832021349125,-0.3711678257519397,-0.351004855726739,-0.3779762249970854,0.0015455801201584114,-0.390437153390395,-0.367131774287371
10,1,-0.37788888071313803,0.00010009944314194311,-0.3780815781829911,-0.3773953782013375,-0.3775654033816741,0.00021317977651444606,-0.3783187979223176,-0.3765882705494051,-0.37676814520873736,8.77476281712495e-05,-0.3771554070771413,-0.3760199728953561,-0.3839333261478101,0.002186960429003861,-0.3990881019237161,-0.3698085714248708,-0.3613118341490447,0.0013187287632354986,-0.3711678257519397,-0.3548107178515399,-0.3779485282075434,0.0012892233323935824,-0.390437153390395,-0.367131774287371
10,1,-0.37815340387645824,0.00012208261340602986,-0.3791716983592861,-0.3771520973860791,-0.37786483407929183,0.0001245096853962904,-0.3785470603311579,-0.3771477921508896,-0.37686774668392725,6.701686353430725e-05,-0.377569812756212,-0.3765365864411824,-0.3843942704342152,0.0025142780015382804,-0.408503267837899,-0.3671146365027987,-0.36126178845912327,0.001066945961886658,-0.3757024695263079,-0.3529752668000099,-0.37804435375812756,0.0009753916760634054,-0.3916594635035624,-0.3743569847905035
10,0,-0.37788376454293515,1.606098805320163e-05,-0.37794136652229,-0.3778299405560875,-0.3795421454843499,2.719799917547734e-05,-0.3796985799939951,-0.3794805240404404,-0.3784428567020163,4.134493745254486e-05,-0.3786216224962477,-0.3783549534344843,-0.3838917506000136,0.0029557741653886468,-0.4076869228737127,-0.3630601289728271,-0.36126316018064736,0.0019278491605025294,-0.3806959764491576,-0.3499251790232026,-0.3779561871238333,0.0012287502418974676,-0.387286309155084,-0.3652847267300353
10,0,-0.3781231604775593,0.00014906018853240194,-0.3791716983592861,-0.3771520973860791,-0.37789765424099503,0.00014556937860055126,-0.378770683301129,-0.3771477921508896,-0.3768858028588982,7.687809645991015e-05,-0.377569812756212,-0.3765365864411824,-0.38438780213572504,0.002740866144240234,-0.408503267837899,-0.3671146365027987,-0.36121961910396155,0.0012106555930066966,-0.3757024695263079,-0.3529752668000099,-0.37810865305879837,0.0011570204712525885,-0.3916594635035624,-0.3743569847905035
10,0,-0.37798535478551437,0.00013704526754787597,-0.3782672883853668,-0.3775550889598583,-0.3783677886835518,0.0007164061048167881,-0.3795974387530689,-0.3767274548788326,-0.37731067466123047,0.0006270604738098407,-0.3784729566494436,-0.376504065738655,-0.38383069443078216,0.0027548253208941422,-0.3980268553750761,-0.3452094120344491,-0.36126591037967803,0.0010504224779703205,-0.3685226168835582,-0.3556204756683914,-0.37804987332991097,0.0009378796383528389,-0.3833477547340239,-0.3719395270111279
10,0,-0.37794461360293713,1.4646577374598378e-05,-0.3780054367050937,-0.3779051530250656,-0.3794022247742272,2.0530640789861797e-05,-0.3795241353087081,-0.3793385558150215,-0.3782076511328044,2.426666832338357e-05,-0.3783568118934783,-0.3781449631006136,-0.3841701550633024,0.00040243713231742764,-0.3878769804314455,-0.3818904592462525,-0.3612522306619408,0.00014005150373844652,-0.362017562421518,-0.3606139822056421,-0.3780325536787108,0.00016325061323750815,-0.3791375754553361,-0.3769102548046754
10,0,-0.37799944994766366,0.00020851519432166728,-0.3785133546751545,-0.3770193146922753,-0.3768827833549834,0.00035251748900703614,-0.3779856827990124,-0.3757420289888744,-0.37659156966788027,0.0001051659554654472,-0.3772492522667352,-0.37611381808495,-0.38397012853405715,0.0038355902397666027,-0.4298370512589269,-0.3588695645319271,-0.3613329409486276,0.001680531578507348,-0.3804530487185033,-0.3533261618539788,-0.3776902177885486,0.002480051364826834,-0.4018997056191746,-0.3640624177809727
10,0,-0.37797102712035674,4.5349444521809345e-05,-0.3785244973493863,-0.3777055142858718,-0.3776156299633757,0.00019611511159456116,-0.3777611318637108,-0.3760686483548661,-0.3767798587324206,5.92169997611724e-05,-0.3768720130493657,-0.3763005792346406,-0.38376247386213247,0.0019855814131781698,-0.3982445458883322,-0.3641213759102022,-0.36158427561591094,0.0006064688315413828,-0.3665522061958862,-0.3568351123936685,-0.3777938803749179,0.0009502158647455793,-0.3820982821738972,-0.3650131038125824
10,0,-0.37794461360293713,1.4646577374598378e-05,-0.3780054367050937,-0.3779051530250656,-0.3794022247742272,2.0530640789861797e-05,-0.3795241353087081,-0.3793385558150215,-0.3782076511328044,2.426666832338357e-05,-0.3783568118934783,-0.3781449631006136,-0.3841701550633024,0.00040243713231742764,-0.3878769804314455,-0.3818904592462525,-0.3612522306619408,0.00014005150373844652,-0.362017562421518,-0.3606139822056421,-0.3780325536787108,0.00016325061323750815,-0.3791375754553361,-0.3769102548046754
10,0,-0.37789853004277896,9.903584251973585e-05,-0.3780815781829911,-0.3773953782013375,-0.3775472957065148,0.00020107312426207672,-0.3783187979223176,-0.3765882705494051,-0.3767598010463967,8.247221738383209e-05,-0.3771145240857637,-0.3760199728953561,-0.3839483593635619,0.0021699992656329706,-0.3990881019237161,-0.3698085714248708,-0.36132727707134427,0.0013115767157525255,-0.3711678257519397,-0.3548107178515399,-0.3779502648230047,0.0012782416584953156,-0.390437153390395,-0.367131774287371
10,0,-0.377861789815806,2.489429334802059e-05,-0.377920010182746,-0.3777983697751168,-0.3780456750313304,5.812077865956901e-05,-0.3782158011385137,-0.3778613447515231,-0.37698273868745563,3.3091898414874795e-05,-0.3771061614086018,-0.3768655092195094,-0.38424576723475473,0.00044002042200438993,-0.3863259272152818,-0.3819720936260505,-0.361223159028844,0.00022590378031656276,-0.3627733363839127,-0.3595343051165068,-0.37803687295306343,0.00013655584475144402,-0.3785943265161505,-0.3771275543803496
2,1,-0.3779721549815787,2.6440092763122532e-05,-0.3780686617283708,-0.3778762039083564,-0.3775581721381731,0.00016730657231299557,-0.3778286252854414,-0.3769595657283155,-0.3774265476285923,1.8666619878956362e-05,-0.3775711195903692,-0.3773416031848774,-0.37679097682944324,0.010168410730242602,-0.4575704724710326,-0.300822694947599,-0.3788283645526359,0.004984914922643522,-0.402588583036953,-0.3420285682606611,-0.37784340452919996,0.006240151297216687,-0.4176402583287268,-0.33523728066061
2,1,-0.3779491985169281,2.5990719829491115e-05,-0.3780686617283708,-0.3778762039083564,-0.37749909668441767,5.4597310071416675e-05,-0.3776642738476246,-0.3773035016551109,-0.3774291579361372,1.1618824163715724e-05,-0.3774796340535913,-0.3773416031848774,-0.37693645538577086,0.0006875317132026063,-0.3828318242835615,-0.3728729052125159,-0.3791141273028929,0.00018330997323122013,-0.38021280660942,-0.3775624263826787,-0.3776984023367399,0.000222220227897269,-0.3789823615034716,-0.3761222866377716
2,1,-0.377942307367269,2.69172806963744e-05,-0.3780686617283708,-0.3778176646282375,-0.37751322132899956,6.698769155139024e-05,-0.3780386748715936,-0.3773035016551109,-0.37743010778523955,1.4917108691025613e-05,-0.3775077217654624,-0.3773416031848774,-0.37695538752623536,0.001037631903693925,-0.3871567066447662,-0.3690623332258723,-0.37911858753945615,0.0002634674588298388,-0.3808695379930373,-0.3770698778449656,-0.37771335220401697,0.00036724032033497595,-0.3828270523065438,-0.3761222866377716
2,1,-0.37556946687651205,0.0006694331541915734,-0.3792402496335069,-0.3748762652049957,-0.37766710406172943,0.0006671353662756667,-0.3805520522569406,-0.3758996981751655,-0.3795489415823896,0.0007322625898110105,-0.3811117673579659,-0.3769796741908811,-0.3766284056999755,0.011187373093700754,-0.4173607519441106,-0.3270759021284782,-0.3790045438996291,0.006608183575699582,-0.4026824011359071,-0.3299494007353556,-0.3775092038928254,0.005489638518194367,-0.3951816386667106,-0.3258131022249894
2,1,-0.3765494362259667,0.00032770787577468763,-0.37803658536918,-0.3756268512727739,-0.3791202729331739,0.0008730363640591723,-0.3814411545088977,-0.3757345449625455,-0.3786427743125411,0.0007483514952617866,-0.3817465481705813,-0.3767766407055457,-0.37677714182780864,0.014410042717301409,-0.4565184759814189,-0.2632312881274665,-0.3791188566916625,0.006685992028425699,-0.4026824011359071,-0.3324825064955357,-0.3776141604056166,0.005197493621343065,-0.3993076479741285,-0.3460915005479212
2,1,-0.37644600452721716,0.000399304926223194,-0.37803658536918,-0.3749612674060427,-0.37850393255346,0.0010165202079443672,-0.3814411545088977,-0.3757345449625455,-0.37853735685691564,0.0008602754362961997,-0.3817465481705813,-0.3767766407055457,-0.37631958954335265,0.015361724389557341,-0.4764363141235102,-0.2632312881274665,-0.37894329255959974,0.007129291429961014,-0.4042773212156075,-0.3324825064955357,-0.37767638106804424,0.006252288569936517,-0.4084973977276454,-0.3500768511055213
2,1,-0.37543339135765896,0.0003610136787807074,-0.3773148681252127,-0.3749404179233774,-0.37781337960140665,0.0005664737164187035,-0.3802257543706668,-0.3757626050703594,-0.37961304966323445,0.0006229481924411718,-0.3818677262109448,-0.3770815920476325,-0.37698324241968206,0.018809444898205654,-0.4953489109306165,-0.2727226466350954,-0.379508973281151,0.008128679590169666,-0.4124395541262799,-0.3403398300820066,-0.3777343267328951,0.0056826634513245065,-0.4101384222805119,-0.3518585370874328
2,1,-0.37539465163060337,0.00038883413742613916,-0.3784102748029446,-0.3749404179233774,-0.37777880071873887,0.0005199487886459429,-0.3803243653003669,-0.3757626050703594,-0.37969766194480037,0.0005745453062893185,-0.3818677262109448,-0.3766201518813871,-0.37706277188069776,0.018087878200056303,-0.502689515960905,-0.2727226466350954,-0.3791075522989937,0.008106874983790435,-0.4176699508380135,-0.3265484723663109,-0.37729621631750765,0.006409893684439326,-0.4205706629042392,-0.3322599922911165
2,1,-0.37647217828534013,0.0014236426829539177,-0.3789932620363812,-0.3750574964836152,-0.3779061788349227,0.0006923648253165991,-0.3813778193251909,-0.3766212418900929,-0.37891693336908455,0.0011993773682887048,-0.3807514431556841,-0.3766201518813871,-0.37705089135101194,0.015191136060661982,-0.502689515960905,-0.2788476143053603,-0.3789358716482169,0.0077893595843686134,-0.4220090679031412,-0.3265484723663109,-0.3768238927368067,0.008887744071328906,-0.4373560213174839,-0.3073632713336265
2,1,-0.3782556155220364,3.848577614226494e-05,-0.3784399452592525,-0.3779371487562276,-0.37773507041939536,0.00017057783141808644,-0.3780859758994355,-0.3774101299977935,-0.3773937398885774,1.2247827977910427e-05,-0.3774547565959087,-0.3772990706706768,-0.3768640610267883,0.0007283518650628346,-0.3837435563111925,-0.3720780619063761,-0.3791466947198674,0.00031643425096742966,-0.3825817305288967,-0.3768118762299731,-0.37771050827094516,0.00028420894082100014,-0.3833896903199455,-0.3764036054770207
2,1,-0.37664555479558337,0.0012377983823227783,-0.3780269624279097,-0.3751368852463994,-0.37808497713167244,0.0008703723017203916,-0.3809160312136173,-0.3763903481693562,-0.378750333529671,0.0012490315322998516,-0.3807289730532632,-0.3772453029375761,-0.37714639519057075,0.010249348320051605,-0.4575704724710326,-0.300822694947599,-0.37907906061048685,0.005061246479464308,-0.402588583036953,-0.3420285682606611,-0.3782829844290984,0.007673764437596594,-0.4422322135264264,-0.33523728066061
2,1,-0.3762898664433417,0.001240529502506897,-0.3780269624279097,-0.37503343946557,-0.3779733533759885,0.0008701842329679846,-0.3809160312136173,-0.3762484444157304,-0.37907674350538495,0.0011749107953590368,-0.380861386312527,-0.3772453029375761,-0.37679097682944324,0.010168410730242602,-0.4575704724710326,-0.300822694947599,-0.3788283645526359,0.004984914922643522,-0.402588583036953,-0.3420285682606611,-0.37784340452919996,0.006240151297216687,-0.4176402583287268,-0.33523728066061
2,1,-0.37627431784764903,0.0012422603063335315,-0.3780269624279097,-0.37503343946557,-0.3778607426712776,0.0009291460910510374,-0.3809160312136173,-0.3762484444157304,-0.37913573500362374,0.0011981176886953781,-0.380861386312527,-0.3772453029375761,-0.3767571807696731,0.008680099205790211,-0.4575704724710326,-0.320997689612842,-0.3789572295555996,0.004205359613646574,-0.4022133069553992,-0.3420285682606611,-0.37814283187718234,0.00530479482121486,-0.4176402583287268,-0.3414497393654063
2,0,-0.3778187556597793,0.0002867704970734066,-0.3791752949474976,-0.3739973737004541,-0.37816957124139383,0.0008897387694237536,-0.3805688885226589,-0.3770124791797802,-0.3776158374852239,0.00038255718697175205,-0.3788117906048021,-0.3760327189642549,-0.3769400961820141,0.00047870550153427733,-0.3800031172234759,-0.3744392140804973,-0.37913108389189615,0.00011391024376134684,-0.3797671674562511,-0.3785475234581046,-0.3776814924611566,0.00017182721503554088,-0.3786775994276183,-0.376942799918915
2,0,-0.3763056390549775,0.001280200827077516,-0.3788785890438956,-0.3750975921839517,-0.37800479113283547,0.0008235150662596767,-0.3814203100392632,-0.3758034925698753,-0.3790557705064662,0.0011770302643301183,-0.3803806862980492,-0.3768512734139732,-0.37684371088050034,0.008939802068116247,-0.4291197569921521,-0.2551893384114234,-0.3790402642506893,0.005900659033147249,-0.4365509801274138,-0.3153840364993472,-0.37782345854749516,0.005627875919203844,-0.4135845780613144,-0.3170218884984524
2,0,-0.3765343130271937,0.00030925988518765927,-0.37803658536918,-0.3756268512727739,-0.3789970466508269,0.0009302544612554227,-0.3814411545088977,-0.3757345449625455,-0.3786042659557576,0.0007528722952348168,-0.3817465481705813,-0.3767766407055457,-0.37669666107148664,0.01375875288532503,-0.4565184759814189,-0.2632312881274665,-0.3790417253626669,0.006287697489431277,-0.4020022157301519,-0.3324825064955357,-0.377713659649163,0.004903894863760819,-0.3993076479741285,-0.3563830810822171
2,0,-0.3781956858985042,1.9202622579877815e-05,-0.3782603179158882,-0.3779323372855924,-0.3779479637759607,2.878351838693261e-05,-0.3780996050659408,-0.377859090382615,-0.3773974848639411,1.155498951379309e-05,-0.3774483364229115,-0.3773070956353887,-0.3768309607738396,0.00032703834848885223,-0.3778523647480388,-0.375537968062514,-0.3791183313302951,0.00015857041827231923,-0.3800017143789715,-0.3781722483817519,-0.37768832563863847,6.26121240222451e-05,-0.377903972619683,-0.3772944484679765
2,0,-0.3774745516907574,0.0002760050509453983,-0.3786412243880402,-0.3754632619414398,-0.3786984720772963,0.0006680084834525509,-0.3808494885956473,-0.3758411729701781,-0.3777737939533545,0.0003736850432401139,-0.3808557687030769,-0.3764893440845972,-0.37699746746049734,0.007384764002089924,-0.4184595062600951,-0.3011499870414198,-0.3788333631007527,0.006037906088680754,-0.4080300709739339,-0.2992706639136518,-0.37779263645718913,0.006058305657903465,-0.4297135238402242,-0.329564019076935
2,0,-0.3781933953399989,0.00032966634921262024,-0.3789932620363812,-0.3751858019203785,-0.37777966420042647,0.0003531870836682873,-0.3808158167343107,-0.3766212418900929,-0.37744175725411055,0.00030234973389172564,-0.3803100660719777,-0.3769596114437218,-0.3765634845444794,0.00619753712138199,-0.4178283071640429,-0.2788476143053603,-0.3789259514619516,0.002577145466851931,-0.3986247407131111,-0.3520437215257582,-0.3770690859388036,0.0042766812659461775,-0.406340618955358,-0.327454126777856
2,0,-0.3772664196957673,0.000827938665584411,-0.3793549226259924,-0.3735362764978904,-0.3789051464119458,0.0011875425539083293,-0.3826076507397803,-0.3745784711340051,-0.37835075755208797,0.0009567171446741667,-0.3812642433643889,-0.374486294044188,-0.37730237458617183,0.017699889033653785,-0.5177681693824573,-0.2325830586731324,-0.3783049404266481,0.009467238023613994,-0.4326574978595836,-0.2969721040709912,-0.3784741813166977,0.011344212314410712,-0.4420446686383037,-0.323961086868169
2,0,-0.37653257117633937,0.00030842932921115507,-0.37803658536918,-0.3756268512727739,-0.37889457165410034,0.0009796594083402081,-0.3814411545088977,-0.3757345449625455,-0.37857524688520006,0.0007659492421732499,-0.3817465481705813,-0.3767766407055457,-0.3765600354002979,0.013595722338070226,-0.4565184759814189,-0.2632312881274665,-0.37909301808259455,0.006246963893450889,-0.4020022157301519,-0.3324825064955357,-0.3776780336169299,0.004877710476243788,-0.3993076479741285,-0.3563830810822171
2,0,-0.37522796778972023,0.00016139960556331326,-0.3766589071997517,-0.3748746616048711,-0.3778790677080802,0.0004209175548399955,-0.3792452564921388,-0.3764905623136127,-0.3801884365918869,0.0004135592605078702,-0.3819728543218847,-0.3775037092831064,-0.3769513427149096,0.014862976205834069,-0.5061961776056394,-0.2442485507401744,-0.37890766274506776,0.004954261118101155,-0.4081473464456964,-0.3245313674906467,-0.3777123462959632,0.002886446032513554,-0.3949237627291621,-0.3550702591625808
2,0,-0.3782659957454594,2.1894573953904258e-05,-0.3783637640318483,-0.3781945612622513,-0.37763306339939895,4.593444797094068e-05,-0.377757272688752,-0.3774630431142082,-0.37739136264741807,9.236869909976977e-06,-0.3774258663204905,-0.3773351836826394,-0.3767531885079148,0.0003918167992267627,-0.3790913851958449,-0.3745561028019884,-0.3791196407876633,0.00018565288741376087,-0.3798609862253392,-0.3780315202281196,-0.3777049553237173,7.142762878133781e-05,-0.3780680752759117,-0.3771537890483519
2,0,-0.37776760971050066,1.8365963041855207e-05,-0.3778505426199254,-0.3776789342825762,-0.3776304702165905,2.9665830128437302e-05,-0.3777356264443141,-0.3775295853971281,-0.3774492521127698,1.1898687112619152e-05,-0.3775069192019152,-0.3773849385980046,-0.3769400961820141,0.00047870550153427733,-0.3800031172234759,-0.3744392140804973,-0.37913108389189615,0.00011391024376134684,-0.3797671674562511,-0.3785475234581046,-0.3776814924611566,0.00017182721503554088,-0.3786775994276183,-0.376942799918915
2,0,-0.37822631826831077,3.391278855639019e-05,-0.3784399452592525,-0.3779371487562276,-0.37790965774432417,0.00012812173957171754,-0.3780859758994355,-0.3774101299977935,-0.3773971011977686,1.2208690637930523e-05,-0.3774547565959087,-0.3772990706706768,-0.37688782201279636,0.0007104912349853675,-0.3837435563111925,-0.3720780619063761,-0.3791441569990642,0.00031206628802501064,-0.3825817305288967,-0.3768118762299731,-0.3777011309763035,0.000284093337645794,-0.3833896903199455,-0.3764036054770207
2,0,-0.37801299831160357,0.0003053843135843099,-0.3796588455679818,-0.3764848929595197,-0.3783931988453017,0.0008091039702333287,-0.3813152855812371,-0.3759662407931355,-0.377648142849279,0.0006370325180829314,-0.3807538508463254,-0.3768512734139732,-0.3762718526445896,0.01617651902299645,-0.4614044212000711,-0.2363001216863897,-0.3790778922040376,0.00575624813769768,-0.4169663104049191,-0.3261497415924851,-0.37802915719786984,0.006165051668314258,-0.4223523488861507,-0.3338541307056783
3,1,-0.3773421676191691,0.0015038587982669196,-0.3802983288881398,-0.3743792359118845,-0.3796240739058482,0.001260428007772919,-0.3837994561094232,-0.3763675306041179,-0.3777099022500682,0.0013988457177161642,-0.3816923574926173,-0.3749117757177117,-0.3907174635196723,0.013308805915111034,-0.4700499733183981,-0.209203544708339,-0.3766816793029557,0.004288131037295448,-0.4300946654492313,-0.3620036223171737,-0.37625804642852734,0.005234063911446714,-0.4219984251042065,-0.338622673062782
3,1,-0.3789726165841039,0.001343718639696645,-0.3804881590089152,-0.3769708727355682,-0.3777799105408822,0.0012652403156910433,-0.3798886303538134,-0.3759362096288434,-0.3776945718379968,0.0010310753196977533,-0.3795163099070922,-0.375703477018286,-0.3910491852060972,0.005805094015703529,-0.4660194094820888,-0.3505914863118574,-0.37637858042408456,0.0007531487562528554,-0.3831845638078295,-0.3728188592298995,-0.3764701997951995,0.0006984336400023104,-0.3823070183258112,-0.3734220665932243
3,1,-0.3799646094804164,9.556818266491227e-05,-0.3802422833443346,-0.3789550525683267,-0.37732867996334507,0.0004224676883383657,-0.3787728013703619,-0.3760429095869043,-0.3785046366783764,0.0003742935358501437,-0.3794846417794429,-0.3768616224454753,-0.3904698568612813,0.005991136969764012,-0.4723039115883988,-0.3408332783715889,-0.37646506244035777,0.0019162093142874015,-0.3904828653669258,-0.3593857531441713,-0.3764051752630635,0.0020978157463176607,-0.4069521816824871,-0.3646164447868212
3,1,-0.37982209612291135,6.80255449815532e-05,-0.3800018314298713,-0.3794910975419653,-0.37644147326237165,0.00024802600422040076,-0.3782456313314593,-0.3759904637231114,-0.378351032729607,0.0001827255915053345,-0.379376065881976,-0.377129443849658,-0.3905802300304498,0.003470217543438347,-0.432475574185813,-0.3638764395029586,-0.37643383821574666,0.0014806028517535303,-0.3923338847296169,-0.3677682223668531,-0.37651371924949495,0.0015252377497035393,-0.395793105021536,-0.367022786258825
3,1,-0.3792074353940165,0.0008655823855302926,-0.3831973099147719,-0.3743756198266214,-0.3783173169532898,0.0011802835504406916,-0.3828906976685873,-0.373579767509651,-0.37794511713447615,0.0014149207335628492,-0.3865294251065213,-0.3744014677139707,-0.39071259665889996,0.03026595797085276,-0.5450661963383453,-0.2246628889767198,-0.37604031764197454,0.011056205329777547,-0.4355948338915555,-0.2963453446086068,-0.37684310995930886,0.010099153601176688,-0.4436290497548514,-0.3292881854595818
3,1,-0.37888488697887246,0.0011379195138650929,-0.3831973099147719,-0.3743756198266214,-0.3785868241693164,0.0012520414850667387,-0.3828906976685873,-0.3742181590275412,-0.3778648052425179,0.0014665164278248512,-0.3865294251065213,-0.3744014677139707,-0.39039199944424446,0.029256184265645142,-0.5450661963383453,-0.2246628889767198,-0.3760494793683938,0.010925811739801502,-0.4355948338915555,-0.2963453446086068,-0.37706581558977614,0.009468965808633401,-0.4398212125425054,-0.3292881854595818
3,1,-0.37945527323502787,0.0004002454864837978,-0.3801898538857926,-0.3765894040736083,-0.37759396879624874,0.0010069950334997506,-0.3819096001834638,-0.3740897576585105,-0.37761074918214693,0.0008180539621368248,-0.3807269343023383,-0.3748954892196522,-0.3908181851906083,0.018706477541087986,-0.5060598837174898,-0.3045582057388666,-0.3763484299518989,0.007806726532861483,-0.4253349010499462,-0.319430191330114,-0.3768540520069275,0.008376731997988378,-0.4378908506276043,-0.3434089111870156
3,1,-0.377311880324614,0.0004526200829202058,-0.3799412669128193,-0.3765514382005642,-0.38058743181279375,0.0009413206148601124,-0.3813263674419225,-0.3762942876335405,-0.37803094252702846,0.0006430335839165562,-0.3791489605338762,-0.3756962384486602,-0.3903520717474389,0.007050212213147617,-0.4260054577962179,-0.3307038388342511,-0.3760737514855264,0.002886855081713216,-0.3856966601112345,-0.3476978931737781,-0.3762006547904626,0.0023405761621426583,-0.3836820707574255,-0.3535631421163051
3,1,-0.3782249394907507,0.0012443466051682644,-0.3800307582230897,-0.3765514382005642,-0.37966044618798905,0.001394729885805219,-0.3813263674419225,-0.3762942876335405,-0.3780656592680957,0.0007286396346106922,-0.3799062794795237,-0.3756962384486602,-0.39041551193807805,0.010655624514690662,-0.4716675037416403,-0.3093312441336863,-0.3760528661946502,0.003047566142192326,-0.3856966601112345,-0.3476978931737781,-0.3762025653068021,0.0026276773016909783,-0.3842902664804065,-0.3535631421163051
3,1,-0.37971358431105356,0.00011734525114898392,-0.3801012665968379,-0.3795480467293089,-0.37753146478198024,0.0005225339863903499,-0.3789934353420706,-0.3764181678595402,-0.377784803381782,0.00040692823216537506,-0.3789245697911853,-0.3770244866698069,-0.3906916421984527,0.006560788271501957,-0.4716675037416403,-0.3387119323933692,-0.3764880376127653,0.0015288476209548696,-0.3852735701438806,-0.3653883416782462,-0.37640469841775126,0.0014333840361409594,-0.3863528449389471,-0.3678954150690854
3,1,-0.3794993767739555,0.00040812642362638926,-0.3800280465369197,-0.3774192340637907,-0.37740765989349645,0.000552577817664937,-0.3795287437407457,-0.3752110113333872,-0.37741080593949183,0.0003952116502829434,-0.3788123744198398,-0.3752936014739164,-0.39087052238665476,0.007071151436479975,-0.4598675000463721,-0.3504323858654173,-0.37625954301457226,0.004322294008732587,-0.3979927130429757,-0.3413250994072329,-0.37644349638030233,0.004684673004335419,-0.4030914582304468,-0.3371418455074482
3,1,-0.37950888014963624,0.00041130300304897965,-0.3800280465369197,-0.3774192340637907,-0.37726451914805514,0.00063598380524855,-0.3795287437407457,-0.3752110113333872,-0.37746644974535193,0.0004120057703129043,-0.3788123744198398,-0.3752936014739164,-0.3908411364793416,0.00745579955130675,-0.4598675000463721,-0.3504323858654173,-0.37624337369512323,0.00432722649131993,-0.3979927130429757,-0.3413250994072329,-0.37647696233699485,0.004723823013704982,-0.4030914582304468,-0.3371418455074482
3,1,-0.37903762013659914,0.0009278454701467256,-0.3800280465369197,-0.37686420615363,-0.37753291988837284,0.0012750820871369943,-0.38053606377987,-0.3752110113333872,-0.37733478318061064,0.0007303121539437578,-0.3794873563848518,-0.3752936014739164,-0.3908480176490685,0.013691171636476582,-0.4842099819954188,-0.2785981873055796,-0.3763197895261021,0.005944737875907693,-0.4274239073859974,-0.3413250994072329,-0.37622588366370624,0.006313428689285243,-0.403303006589078,-0.3371418455074482
3,1,-0.3791610530119969,0.0009064179551767048,-0.3800334699092597,-0.37686420615363,-0.37759660614633445,0.0012401444349865406,-0.38053606377987,-0.3752643615013654,-0.3774889476559328,0.0007228418484435991,-0.3795941229235108,-0.3755650423519778,-0.39090174918234827,0.01293883848706924,-0.4842099819954188,-0.2785981873055796,-0.3763851144859643,0.004354495416603406,-0.4274239073859974,-0.3542822296574469,-0.37631299871744095,0.004385643847527519,-0.403303006589078,-0.3390193211826549
3,1,-0.3791964098257053,0.0009278259329620559,-0.3800334699092597,-0.37686420615363,-0.3775214488753306,0.0013250343004345426,-0.38053606377987,-0.3752643615013654,-0.3776683870356347,0.0008387299524983025,-0.3795941229235108,-0.3755650423519778,-0.3905534972358515,0.01340797895949323,-0.4842099819954188,-0.2785981873055796,-0.37642969376398017,0.004366434546070609,-0.4274239073859974,-0.3542822296574469,-0.3762412799428372,0.004394862608234923,-0.403303006589078,-0.3390193211826549
3,1,-0.3794101016570202,0.0007806302080090748,-0.3800334699092597,-0.3773089517743667,-0.37720783830918364,0.0012851624180410068,-0.3805035114744675,-0.3752643615013654,-0.37788477207723364,0.0006323158730969815,-0.3795941229235108,-0.3756826661778783,-0.3906988582670972,0.0091949367923587,-0.4418890613353581,-0.3242602362815011,-0.3762189246524009,0.0021529654038644273,-0.3850091392920433,-0.3547317635032782,-0.37615513427353986,0.003729616340436044,-0.3878072269189836,-0.3390193211826549
3,1,-0.3768903257606645,0.0010157236442594876,-0.3802983288881398,-0.3743792359118845,-0.3797691861194041,0.001036947904018293,-0.3837994561094232,-0.3763675306041179,-0.37727074021947,0.001466374372299805,-0.3816923574926173,-0.3749117757177117,-0.3915498086592743,0.01650023214044838,-0.5085789838423088,-0.2678853736561716,-0.3768989109224995,0.008799572070089648,-0.4346957661998929,-0.3347936476584479,-0.3758363494078729,0.008902944088726186,-0.4331839450738854,-0.3241052965711445
3,1,-0.3773421676191691,0.0015038587982669196,-0.3802983288881398,-0.3743792359118845,-0.3796240739058482,0.001260428007772919,-0.3837994561094232,-0.3763675306041179,-0.3777099022500682,0.0013988457177161642,-0.3816923574926173,-0.3749117757177117,-0.3907459012339836,0.019037044850080585,-0.5085789838423088,-0.209203544708339,-0.3768228542161065,0.008750274307745349,-0.4346957661998929,-0.3347936476584479,-0.375625326564185,0.008912965284155258,-0.4331839450738854,-0.3241052965711445
3,1,-0.37840507341528956,0.0018633749969989395,-0.3802829612813261,-0.3755037549399264,-0.3781790764713063,0.001545780376166147,-0.3811898273352239,-0.3763675306041179,-0.3777549864764272,0.0009956806938476712,-0.3793534456827604,-0.3753487946692509,-0.3907174635196723,0.013308805915111034,-0.4700499733183981,-0.209203544708339,-0.3766816793029557,0.004288131037295448,-0.4300946654492313,-0.3620036223171737,-0.37625804642852734,0.005234063911446714,-0.4219984251042065,-0.338622673062782
3,1,-0.3798841097717342,2.0608298642435132e-05,-0.3799873682221508,-0.3797803632074849,-0.3767253814588068,5.631719887245728e-05,-0.3768476806043396,-0.3764263058414169,-0.37827530873649867,5.999036822730886e-05,-0.3786015555697994,-0.3779401462537007,-0.39074699456812345,0.0016457051778175661,-0.4125348899430193,-0.3806881326415189,-0.37640340040035675,0.00040878429623634056,-0.3784512444202986,-0.3737443685334862,-0.37640781575259896,0.00037574007152326437,-0.378181862164253,-0.3741889225463345
3,1,-0.3798864401620267,2.1108061442842955e-05,-0.3799710969717987,-0.3797243176636796,-0.3767592673336029,0.00015574517863063117,-0.3780159550736884,-0.3765122086926933,-0.3782747367354348,7.237058741543334e-05,-0.3785445533937885,-0.3777962823765746,-0.3910016261544315,0.003931527342222397,-0.4660194094820888,-0.3830746503236791,-0.37642632645832136,0.0004788053029483603,-0.3831845638078295,-0.3741410153778805,-0.37644415901927425,0.00039389758458277085,-0.3823070183258112,-0.3753524281303637
3,1,-0.3799007043496647,3.259348437691795e-05,-0.3800325658879439,-0.3797243176636796,-0.37719578526192193,0.0004686823828463283,-0.3782347804370266,-0.3765122086926933,-0.37822893034842775,0.00011425651193695505,-0.3785445533937885,-0.3777962823765746,-0.3910491852060972,0.005805094015703529,-0.4660194094820888,-0.3505914863118574,-0.37637858042408456,0.0007531487562528554,-0.3831845638078295,-0.3728188592298995,-0.3764701997951995,0.0006984336400023104,-0.3823070183258112,-0.3734220665932243
3,1,-0.37991029663990117,2.454039584240934e-05,-0.3799955040362155,-0.3798246564741847,-0.37712333808683335,0.00048638892848549073,-0.378447276048963,-0.3766152918119085,-0.37828967960217175,0.00011381823052670363,-0.3785952222467747,-0.3778958107237392,-0.3904569896619412,0.0058295070680958365,-0.4257137733918695,-0.3148732656204877,-0.3764015122464909,0.0006119590403329193,-0.380302263027472,-0.3738501410253247,-0.37639693882325936,0.0010329974830266696,-0.3814872757552451,-0.3640611345480115
3,0,-0.37989490676517773,2.752812796100678e-05,-0.3799873682221508,-0.3797803632074849,-0.37672910234490936,8.011106977862676e-05,-0.3770330493580899,-0.3764263058414169,-0.3783171361170769,9.3234577240454e-05,-0.3786015555697994,-0.3779401462537007,-0.3907040746969124,0.022176915392236554,-0.5285196737672884,-0.2806134722542334,-0.3767705021784203,0.008350130568272803,-0.4328711899601613,-0.3331277324230274,-0.37637045216360643,0.008830521300874616,-0.4309891512049898,-0.324951478672823
3,0,-0.3781812097736409,0.001232508876026149,-0.3800307582230897,-0.3765514382005642,-0.3797191963600744,0.0013719663799632827,-0.3813263674419225,-0.3762942876335405,-0.37807098853362786,0.0007294659351446919,-0.3799062794795237,-0.3756962384486602,-0.39021151302774143,0.02690872876318572,-0.5187349432774898,-0.1743338686965428,-0.37638985126275953,0.008253688318385683,-0.4263661813343358,-0.3195888549787374,-0.37657311193780135,0.00901781879400811,-0.4553698795855786,-0.3344710717036881
3,0,-0.37654587922536803,1.5901367881545572e-05,-0.3765885000522925,-0.3764990087420222,-0.380679129447464,1.974645173775118e-05,-0.380763027880876,-0.3805993609159913,-0.37748992921755875,2.4432550139506906e-05,-0.377554700645486,-0.3774361715729845,-0.3906310431420232,0.00036997900485596984,-0.3924616213635049,-0.3888553274047018,-0.3763373143032393,0.00010379129925808437,-0.3769968726575195,-0.3758598183702558,-0.3764607023700548,0.0001507851884890354,-0.37693902665404,-0.3754846446740034
3,0,-0.3795041158725188,0.0008040201219023512,-0.379962057891973,-0.3771381042123359,-0.3773004173653144,0.001155514785900093,-0.3804790971509417,-0.3758041910430714,-0.37797991861775604,0.0006254351995454403,-0.3789625716199906,-0.3750520197428278,-0.39074824051488743,0.008579262965457255,-0.4477227755603805,-0.3324274363480575,-0.37672780304220205,0.002666087538551322,-0.4061107506583024,-0.3667369409491868,-0.3765701208242998,0.001692811518962063,-0.3921968165455828,-0.3695084569014896
3,0,-0.37794303714842875,0.0010633424896853492,-0.3799629615355114,-0.3759602517044362,-0.3798128121368103,0.0011098417878350154,-0.3838103073817515,-0.3766252384021558,-0.37745839257948793,0.0003905140257327593,-0.3789137121258123,-0.3727040603826687,-0.39108869968733045,0.006779598940212627,-0.455730869498311,-0.328290799738998,-0.37648348592456937,0.005336391897703582,-0.4472562496057125,-0.3495489095143981,-0.3764320520674173,0.0033764469355206956,-0.4013726450519386,-0.3521087593807454
3,0,-0.3768968745446269,0.00019528838605986003,-0.3786323411363419,-0.375893359415951,-0.37781050939606825,0.00022051324312577695,-0.3788243429299695,-0.3764181678595402,-0.37561108625238504,0.0001098425584207949,-0.3765503711360634,-0.374565236806772,-0.39074728415270604,0.0033251176244491277,-0.4277820886659002,-0.3653879001839498,-0.3763110854401803,0.002618225807504407,-0.3910381717045955,-0.3503422054697401,-0.376397935860474,0.004893396757159664,-0.4190103300846649,-0.3363221036924053
3,0,-0.37693876912054425,0.00014616293846952505,-0.3776768612499219,-0.3765740368445721,-0.3783556265404441,0.00022835899492893013,-0.3791697614318632,-0.3769408171333074,-0.37571477943686704,0.00011039740975458818,-0.3764580813585246,-0.3746765269315164,-0.3907413721953965,0.0034467552083040274,-0.417281408818808,-0.3667932937743768,-0.3763770198469554,0.0023651769786742316,-0.3901391051462096,-0.3528543013953862,-0.3763949447413989,0.0028708342937504823,-0.400156252472692,-0.3502048407745723
3,0,-0.37970933869010104,0.00011649269144964165,-0.3801012665968379,-0.3795480467293089,-0.37748337567415174,0.0004676308129347365,-0.37880535405366,-0.3764181678595402,-0.3777491616229932,0.00038566868064745196,-0.3789245697911853,-0.3770244866698069,-0.39048633209277006,0.004928953133665494,-0.4326877079881289,-0.3387119323933692,-0.3765031665470488,0.0015092623328038356,-0.3852735701438806,-0.3653883416782462,-0.3764304914811826,0.0013401746550139695,-0.3863528449389471,-0.3678954150690854
3,0,-0.37719272904638146,0.0008762789177613284,-0.3802540348658851,-0.375893359415951,-0.37784048106588697,0.00041710787509884013,-0.3816898705159404,-0.3760926425381412,-0.37587785541738933,0.000786264755543179,-0.3796312198838465,-0.3752483614536167,-0.39054966380233724,0.013280520715773228,-0.5234284341007761,-0.2577559337400213,-0.3766113414822544,0.004179887107349504,-0.4274503531532693,-0.3568472129622889,-0.3766259187741394,0.0053000366226744105,-0.4262557993204506,-0.3519501002839008
3,0,-0.37950679957343453,0.00041062958561149915,-0.3800280465369197,-0.3774192340637907,-0.3772869946304724,0.0006245258129839748,-0.3795287437407457,-0.3752110113333872,-0.3774556262432222,0.0004083147267028149,-0.3788123744198398,-0.3752936014739164,-0.39085226486957125,0.007454569851516856,-0.4598675000463721,-0.3504323858654173,-0.37625720214794967,0.0043263359326177735,-0.3979927130429757,-0.3413250994072329,-0.37646404413043594,0.004722051480342587,-0.4030914582304468,-0.3371418455074482
3,0,-0.37995038036648665,4.9363364472525736e-05,-0.3804881590089152,-0.3794386684612006,-0.3769700120679434,0.00021951030364422165,-0.3783921176505097,-0.3765366230162191,-0.37840779327500096,0.00014439024262608764,-0.3788096601925623,-0.3774452195014181,-0.3907781045709992,0.0042439262404871236,-0.4519919870358508,-0.3525537344953238,-0.3763805311462701,0.0012487359771306162,-0.3910646144497963,-0.3662609647359137,-0.3763919536093189,0.001369703725031758,-0.3950791360636433,-0.3627125261806482
3,0,-0.3795779348378111,0.00018067188992293965,-0.3799277077264146,-0.3788917756095499,-0.3780138767878623,0.0006557464270953575,-0.3804664376481383,-0.3767165663227529,-0.377648389004042,0.00039847926658705395,-0.3793018719613046,-0.377014534251035,-0.3909143838872485,0.007056482168101102,-0.4255016395895536,-0.3420265408113868,-0.3764606408027846,0.002123723901381131,-0.3873361341124899,-0.3621358375542129,-0.3763936008980229,0.002501730313978872,-0.3973003743745515,-0.3635851557464317
3,0,-0.37883725746885505,0.0011585584909451438,-0.3797604758718695,-0.3750861280697765,-0.37790849806207005,0.0007907813073381173,-0.381550618252477,-0.3761324288991308,-0.37700213325163157,0.000644242118293138,-0.3781229156937077,-0.3750936406673804,-0.39066872348977705,0.00840751669719332,-0.4793839102447232,-0.3388179994839334,-0.3762919546623141,0.004830210150968906,-0.4134883815862775,-0.3360629179382685,-0.37648270560810404,0.0053566990267947985,-0.4348498746570302,-0.3429593741831175
3,0,-0.37698691283569674,0.0002552481253276951,-0.3792596850851051,-0.3765722288019404,-0.37856903986256735,0.00035779038604414275,-0.3800947962143481,-0.3762364163225313,-0.3758048472392208,0.00018882041592760746,-0.3783672120302052,-0.3747525305891272,-0.39109082974070886,0.004714321604368027,-0.4376198472082011,-0.3677479013775783,-0.3764838327221016,0.00364139386170156,-0.4181688143501303,-0.3501571017202283,-0.3766027197885021,0.004631616259603846,-0.4192218784432962,-0.3352643732320955
3,0,-0.37688184667240876,0.00013697577515007104,-0.3772782173162941,-0.3766572007611867,-0.37962307206014934,0.00020157382313920657,-0.3802937283971914,-0.3787176429719086,-0.3763307519574182,0.00013385076997891076,-0.3767249975161063,-0.3754799911440648,-0.3907092911323165,0.0016810240192167067,-0.4030418510550046,-0.3780629623956366,-0.3763426004371067,0.0009390857020802037,-0.3821003953887262,-0.3640132996621049,-0.3763960284810827,0.0012083439445032282,-0.3858768650040827,-0.3620514434624498
3,0,-0.3793104770012453,0.00048346876387165877,-0.3808244300050821,-0.3755489526057194,-0.3783513025071416,0.0013378154446246238,-0.3833021250854715,-0.3750211214366059,-0.3777010588187421,0.0008456311763490794,-0.3818814606337803,-0.3705497277497581,-0.3907040746969124,0.022176915392236554,-0.5285196737672884,-0.2806134722542334,-0.3767705021784203,0.008350130568272803,-0.4328711899601613,-0.3331277324230274,-0.37637045216360643,0.008830521300874616,-0.4309891512049898,-0.324951478672823
3,0,-0.37692753786040284,0.00014650847936316757,-0.3779579907235993,-0.3765722288019404,-0.3786283993264733,0.00031255323661077375,-0.3800947962143481,-0.376841350852938,-0.3758017308654669,0.0001482437061044002,-0.3767412840141658,-0.3747525305891272,-0.3908147934968208,0.004032662925777329,-0.4185542188301392,-0.3667932937743768,-0.3762713340520229,0.0028430178188756454,-0.3970407602386705,-0.3501571017202283,-0.376567173045622,0.004565634713839631,-0.4192218784432962,-0.3352643732320955
3,0,-0.3794254540654156,0.000883828180835771,-0.380130193012279,-0.3771381042123359,-0.37763928097551636,0.0010452151007079929,-0.3808932378582774,-0.3760808877174188,-0.3777758725476291,0.0006396013315524847,-0.3788775200339462,-0.3750520197428278,-0.39091377529285065,0.007122497304105387,-0.4497645743458794,-0.3347609161285931,-0.3762520869239817,0.004064206171574293,-0.4061107506583024,-0.3526691987791511,-0.37642433582323115,0.004253102756829668,-0.3980672299499002,-0.345021951886135
3,0,-0.37989490676517773,2.752812796100678e-05,-0.3799873682221508,-0.3797803632074849,-0.37672910234490936,8.011106977862676e-05,-0.3770330493580899,-0.3764263058414169,-0.3783171361170769,9.3234577240454e-05,-0.3786015555697994,-0.3779401462537007,-0.39072269832451617,0.001697206449455216,-0.4125348899430193,-0.3806881326415189,-0.376423460700533,0.0005441142305236989,-0.3796676280764411,-0.3737443685334862,-0.37640173683105227,0.0005729483703912667,-0.379424697674466,-0.371888354687004
3,0,-0.3769253352090687,0.0001631655976897194,-0.3777464656023543,-0.3763742628671003,-0.37831974160534004,0.00030936199259430457,-0.3804899476674788,-0.3769408171333074,-0.37571332566326915,0.00016217974785106345,-0.3772534013767147,-0.3750194471248403,-0.39079105872331216,0.003470132878110344,-0.4189254561093943,-0.3668463275090651,-0.3763615863980413,0.002242314867297415,-0.3929420754244115,-0.3528543013953862,-0.3765036021865863,0.0022496241568194736,-0.3946560435017578,-0.3502048407745723
3,0,-0.37971906582581244,0.0001625148233376599,-0.3800334699092597,-0.3787914367990448,-0.3769458956265143,0.0008205340353207354,-0.3789292346575553,-0.3752643615013654,-0.3780451206868823,0.0004636547649321556,-0.3795941229235108,-0.3768145730663676,-0.39113999462408644,0.00934221867537878,-0.4477227755603805,-0.3324274363480575,-0.3763769764963349,0.0015193155567554168,-0.3850091392920433,-0.365970090005599,-0.3764222550419977,0.0016822268031280257,-0.3835498542137858,-0.353087161803679
3,0,-0.3798916501540296,2.6536571677369937e-05,-0.3799873682221508,-0.3797803632074849,-0.3767329865569964,8.011825180346215e-05,-0.3770330493580899,-0.3764263058414169,-0.37830121071775175,8.697893391659654e-05,-0.3786015555697994,-0.3779401462537007,-0.39072487540722095,0.0017081756108015085,-0.4125348899430193,-0.3806881326415189,-0.37642198440138586,0.0005496968305664931,-0.3796676280764411,-0.3737443685334862,-0.3764063828639486,0.0005772224037598793,-0.379424697674466,-0.371888354687004
3,0,-0.3795521988268215,0.00037079665231137885,-0.3805017185730974,-0.3776614940208856,-0.37794494575421084,0.001132199287442458,-0.3828906976685873,-0.373579767509651,-0.3778633490581865,0.0008501806462572621,-0.3807151717684957,-0.3711830891683489,-0.3909532897579378,0.023796840797166555,-0.4866495349275169,-0.2442588463677918,-0.37646150779909254,0.008579288555823482,-0.4354097301420437,-0.340769793447322,-0.3767547037984474,0.010233776052417851,-0.4689881847137509,-0.3392837557809804
4,1,-0.378062837839409,4.10270687477619e-05,-0.378377018775583,-0.3775699266347395,-0.3782795048925654,0.00010845194953444511,-0.3791159886988737,-0.3771746549120671,-0.37750722893850935,3.696744580331079e-05,-0.3777234619250541,-0.377137478049518,-0.3781624518877626,0.001326718043696911,-0.3866449111228125,-0.3608362977091494,-0.37808610722867003,0.0005570496696109827,-0.3838662016246151,-0.3753157838826716,-0.3779535656785673,0.0003437229548547451,-0.3799271083545008,-0.3740963231973131
4,1,-0.37804439402785595,3.5498975722879146e-05,-0.3783350105350688,-0.3778693463333359,-0.37830529051345446,0.00010698568546838726,-0.3788184905565479,-0.3778741783480457,-0.3775234815675424,5.3579629085158453e-05,-0.3777547741347247,-0.3773584521667609,-0.3781137874678462,0.0013623188445923721,-0.385991197510511,-0.3697006542919577,-0.37808412991707674,0.0005012592855900281,-0.3811990988427244,-0.3745313418879978,-0.377945774009188,0.00034857004729267903,-0.3813913413984582,-0.3759266145022599
4,1,-0.37804113587905075,3.09206022975474e-05,-0.3782965777182779,-0.3778693463333359,-0.3783081525888766,0.00010385602838397168,-0.3788184905565479,-0.3778893659644426,-0.3775241088401742,5.301306207233596e-05,-0.3777547741347247,-0.3773584521667609,-0.3781162778054168,0.001311383187387794,-0.385991197510511,-0.3697006542919577,-0.3780776036344719,0.00047438151799568146,-0.3811990988427244,-0.3745313418879978,-0.3779457310748388,0.00034394478565764723,-0.3813913413984582,-0.3759266145022599
4,1,-0.37804104914368264,3.38968185803304e-05,-0.378358249295153,-0.3778693463333359,-0.37828123264749614,8.015926765270614e-05,-0.3788184905565479,-0.3779081270278263,-0.3775071531011235,3.317365400470412e-05,-0.3777386706805614,-0.3773557684446744,-0.37799394380842116,0.001422824923086057,-0.385991197510511,-0.3677395134550532,-0.37806647474596183,0.0005044351490756251,-0.3811990988427244,-0.3738253440927915,-0.37795536596509677,0.0003916016461604703,-0.3813913413984582,-0.3748022927006497
4,0,-0.37784721252781023,0.00041505754066434905,-0.379805294470714,-0.3760603160263725,-0.3788610361823304,0.0003989940014590419,-0.3809429691952035,-0.3776070550651517,-0.3779810384111373,0.0005832771163209507,-0.382286981406488,-0.37727256707789,-0.3781899292872011,0.009285367143220898,-0.4662410786888897,-0.2877511166009431,-0.3779213315465553,0.004307511268464775,-0.4038956220494591,-0.3442257320800158,-0.3782764170530522,0.006537680063269675,-0.4386271629648364,-0.328548215602193
4,0,-0.37801516711278804,9.025081704765897e-05,-0.3783993636797364,-0.3775565199163651,-0.3780689400054476,0.0003380483101462097,-0.3795180136191646,-0.3749635171037428,-0.37742500475747237,0.00013069649496517488,-0.3783407583841424,-0.3768950322861758,-0.37816309488720784,0.006055938667997793,-0.4361179554340367,-0.3272877147522858,-0.3780658317613327,0.0017553385234436026,-0.388965074963538,-0.3626862677684248,-0.377984599191055,0.0012048508723618073,-0.3951708205963725,-0.3728412663024925
4,0,-0.37799603585215197,0.00038205512519628727,-0.3811772620980844,-0.3765662007567579,-0.37824693090443773,0.00047921818942744856,-0.3813494610175686,-0.3766582759545754,-0.37753851217102924,0.00034488090865112124,-0.3800172991629231,-0.3767876766728504,-0.37859021635883483,0.009720444767407454,-0.4797075802229525,-0.3087483948396622,-0.37827257294381655,0.005356953446761182,-0.4145117362969558,-0.3232026843814973,-0.37781730113019946,0.008424622940035629,-0.473088937270409,-0.3270055396346651
4,0,-0.3779113719741983,0.00018716335274025802,-0.3787425789571794,-0.376528661795898,-0.3788180876115047,0.0001101576742128377,-0.379459943518839,-0.3780483890223846,-0.37785343890838347,5.584255264590672e-05,-0.3780455295127936,-0.3773029845889045,-0.37808567804708765,0.0013139686536483113,-0.3850759984532889,-0.358326037064361,-0.37821607597821344,0.0013246731885932588,-0.3936194311721458,-0.3688310630198251,-0.37800645981197367,0.0009268630575287371,-0.3870652448173223,-0.3701481233823565
7,1,-0.3782076699849889,0.00022055453770270113,-0.3797450648783572,-0.3764740814588218,-0.3787767250692375,0.0004081081812817943,-0.3802772519487098,-0.3773136683379529,-0.3773658581277722,0.0005159234690357453,-0.3808767032281457,-0.3761875067816098,-0.3800083445422826,0.002751984509934053,-0.3935098644553216,-0.3526123245363211,-0.388415848210418,0.0016614408698100887,-0.4079822756223372,-0.3677407202732227,-0.3730952308611698,0.0022955047131374084,-0.4040705742720341,-0.3490195507130098
7,1,-0.37804904194167144,1.1043812622053794e-05,-0.3780918431969081,-0.3780106792240899,-0.3799252038794748,2.0863143989430452e-05,-0.3802386613439362,-0.3798653584863168,-0.38000565388319485,1.4171726347470028e-05,-0.3800654752269122,-0.3799409135109312,-0.38012542171200797,0.0003594423202208313,-0.3857036001261597,-0.3786711352114974,-0.3884726260850649,0.00010741865931367524,-0.3903073722580575,-0.3880691665212941,-0.3731191587183157,0.00011065361171962146,-0.3735683994855944,-0.3720743216108584
7,1,-0.37812583971724534,9.599949499424107e-05,-0.378612710533289,-0.3777009957626301,-0.3789494147359666,0.0002697454159835767,-0.3805843992487646,-0.3776105779322576,-0.3775127732503746,0.0004625313221014423,-0.381457728318341,-0.3767015208012159,-0.38003916627161066,0.013736623810936079,-0.4903940218217961,-0.2240479383361553,-0.38839038786431296,0.0020578406019184526,-0.3972527323278078,-0.3734400692315209,-0.3731897563340478,0.0016453558128007508,-0.3887850086511812,-0.3608112730166951
7,1,-0.3781548585580311,9.954794484759104e-05,-0.3786662944769766,-0.3778184074067802,-0.37896932062524025,0.0003577813217824845,-0.3805843992487646,-0.3776105779322576,-0.37756755295800026,0.0005622728742626497,-0.3807411042396108,-0.3767015208012159,-0.38028436012848854,0.010131266218880844,-0.4477212958522097,-0.2691330902200883,-0.38840381932036744,0.002137203723408679,-0.4051902866932368,-0.3689867313846748,-0.3731909799660315,0.0014592467467226754,-0.3876587037917648,-0.3623053505630623
7,1,-0.37813775251978643,0.00011332821017974687,-0.3786662944769766,-0.3777608838352941,-0.37925880526774663,0.0005152590312904935,-0.3804725661782056,-0.3776105779322576,-0.37805683568132764,0.0008347073920751429,-0.3807411042396108,-0.3767764154496461,-0.3801241532038344,0.01063690440688511,-0.4477212958522097,-0.2730476042167026,-0.38840903940364824,0.0024300129559929004,-0.4051902866932368,-0.3689867313846748,-0.37317737688626407,0.0015382807256968385,-0.3876587037917648,-0.3623053505630623
7,1,-0.3780613237829512,9.286616229908249e-05,-0.3784275305729249,-0.3776308639331912,-0.37966176935489276,0.0003842009844913154,-0.381034096027966,-0.3777869909970498,-0.3788383731226986,0.0008175321264812273,-0.3814561514709845,-0.3768970357061774,-0.37995828359376177,0.009563832766865614,-0.4452178302373706,-0.3037947231009844,-0.3884806198797944,0.0025951888123141786,-0.4008753952213321,-0.3722632806482742,-0.37310849356451864,0.0015501311494300423,-0.3831764695108194,-0.3598228833663924
7,1,-0.37807481697013756,0.00011567892742922542,-0.3784275305729249,-0.3776308639331912,-0.37955669243531603,0.0004245231478671064,-0.381034096027966,-0.3777869909970498,-0.37873448785160224,0.0010114642296635108,-0.3814561514709845,-0.3768970357061774,-0.3799283892067984,0.012226026748382548,-0.4908036832423595,-0.2518591691219721,-0.38851009099911965,0.002665540894677348,-0.4008753952213321,-0.3722632806482742,-0.3731171037619689,0.001710194015912854,-0.3831764695108194,-0.3598228833663924
7,1,-0.3782156237082731,0.00018865317863513034,-0.3791296375832361,-0.3771667324403273,-0.37918831270293024,0.0003248327663445225,-0.3819051353708102,-0.3779437152800394,-0.37779107523620314,0.0005577949271760101,-0.38026650843868,-0.3765233502287635,-0.38008038915031395,0.00843424004987498,-0.4349536149416074,-0.3089154502173348,-0.3884809479603059,0.0035573841791087676,-0.4205116135502884,-0.3477583876550763,-0.37310163674683866,0.0024295071629588036,-0.3995423686925425,-0.3574783294086235
7,1,-0.3782438389799159,3.526877984002933e-05,-0.3783376989579053,-0.3780516552391423,-0.37938829961097514,0.00020998824782063043,-0.3799031614739916,-0.3788580709302505,-0.3779949576180504,0.0003217300436808129,-0.3788726788293655,-0.3773913404517104,-0.38008490808169376,0.0023727314591523497,-0.3969464409949468,-0.3540233683663388,-0.38842138090906775,0.0005564066891176018,-0.3930532122856332,-0.3825082636083046,-0.3731075886544385,0.00047480599930006963,-0.3775449455421065,-0.3693619956228763
7,1,-0.3782239410386222,2.4326850191229776e-05,-0.3782888430286205,-0.3780516552391423,-0.37956696681726193,0.00011675194164135396,-0.3799031614739916,-0.3788966612058903,-0.3782675002721245,0.0001758058831293374,-0.3788726788293655,-0.3775293043818094,-0.3801095354064132,0.0020892746771563153,-0.3969464409949468,-0.3540233683663388,-0.388423957348221,0.0005021857067122901,-0.3930532122856332,-0.3825082636083046,-0.37310781511565483,0.0004540905258674624,-0.3775449455421065,-0.3693619956228763
7,1,-0.3782700652894466,3.7934909781591134e-05,-0.3783707947294079,-0.378179310969385,-0.37932120831406646,0.00021584045230804458,-0.3796566554244081,-0.3788226307938722,-0.377893158143094,0.0003076996050785619,-0.3783413204772503,-0.3773771498139143,-0.38004050531917144,0.001200517908969031,-0.3870236104330701,-0.3631724004890926,-0.3884233378972163,0.0003286031958949828,-0.392753246568335,-0.3859463322142608,-0.373089653977435,0.0003246263941112502,-0.3750165057334154,-0.3692470665555889
7,1,-0.37828225601950793,3.363208356343065e-05,-0.3783707947294079,-0.378179310969385,-0.3792589059573191,0.00018030674632458514,-0.3796566554244081,-0.3788226307938722,-0.3777955158725324,0.00025017991352777833,-0.3782955955280906,-0.3773771498139143,-0.38002356681198873,0.0012629654953936914,-0.3870236104330701,-0.3631724004890926,-0.3884196308807856,0.0003333245617764885,-0.392753246568335,-0.3859463322142608,-0.37308125096694156,0.0003390248974676121,-0.3750165057334154,-0.3692470665555889
7,1,-0.3782885044619388,2.67423609775078e-05,-0.3783707947294079,-0.378179310969385,-0.3792048432787603,0.0001248826647409789,-0.3795944379523378,-0.3788226307938722,-0.3777157061664897,0.00015833044281789169,-0.378282192984502,-0.3773771498139143,-0.38002796933147676,0.001294924272241336,-0.3870236104330701,-0.3631724004890926,-0.3884115737940536,0.0003435297864918216,-0.392753246568335,-0.3859463322142608,-0.3730803089254064,0.0003589139148611092,-0.3750165057334154,-0.3692470665555889
7,1,-0.3782822870174824,1.916802562160947e-05,-0.3784401388308777,-0.3782045271559729,-0.3792491273122363,5.720896693571295e-05,-0.3796487799116872,-0.3789084748041056,-0.37776312181245875,5.8851345517317315e-05,-0.3779550215388675,-0.3775072301661724,-0.3800884107007189,0.001012049869420415,-0.3886394839979928,-0.3743469653214539,-0.38839640528804653,0.00020853777958246316,-0.3895689951077851,-0.3875615322304818,-0.37309541927163004,0.00028047227260375395,-0.3749705341065004,-0.3709020451245272
7,1,-0.3782739238942904,5.308659995337489e-05,-0.378465354688148,-0.3779224233943261,-0.3792778499693037,0.0002964959872449346,-0.3803040282970006,-0.3772798031066386,-0.37794508426406725,0.000681559234887183,-0.3818180115816372,-0.376530445382926,-0.3801703050288243,0.008308207683733713,-0.4372522547230478,-0.2823559498004961,-0.3883926226187597,0.0013757026845322398,-0.394876081205001,-0.3688944345705234,-0.3731009584753184,0.0007856739878564734,-0.3832454266228232,-0.367270286598246
7,1,-0.3782754430509361,5.451782872954178e-05,-0.378465354688148,-0.3779224233943261,-0.3792846126429969,0.0003012057679700308,-0.3803040282970006,-0.3772798031066386,-0.3779565155615801,0.0006814954286205411,-0.3818180115816372,-0.376530445382926,-0.38008057570894277,0.008488474574615105,-0.4372522547230478,-0.2823559498004961,-0.38837764324624385,0.0014010621356360027,-0.394876081205001,-0.3688944345705234,-0.37309489172783206,0.0008043251871252232,-0.3832454266228232,-0.367270286598246
7,1,-0.37829227439968205,2.9657927370861338e-05,-0.3783755227438107,-0.3779295155805893,-0.37921727132103483,0.00010517683327200105,-0.3802693761068551,-0.3786509431025395,-0.37772412373761743,0.0001498774134671189,-0.3799756015170077,-0.3771138354146853,-0.38020606405390134,0.00424945464091576,-0.4440116125658771,-0.3586206430523367,-0.3884123633720314,0.0005258177894187691,-0.3950376008769904,-0.3852079550639883,-0.3731044936839428,0.00042655030838355577,-0.3780506331098023,-0.3702584423477179
7,1,-0.3782545287848198,4.4378591203119806e-05,-0.3786789024056118,-0.3778719913504679,-0.37890756310141915,0.00020212952081537537,-0.3795684488920121,-0.3773136683379529,-0.3774032305076373,0.00016267769978475303,-0.378379161848569,-0.3764114026326928,-0.3800083445422826,0.002751984509934053,-0.3935098644553216,-0.3526123245363211,-0.388415848210418,0.0016614408698100887,-0.4079822756223372,-0.3677407202732227,-0.3730952308611698,0.0022955047131374084,-0.4040705742720341,-0.3490195507130098
7,1,-0.3782076699849889,0.00022055453770270113,-0.3797450648783572,-0.3764740814588218,-0.3787767250692375,0.0004081081812817943,-0.3802772519487098,-0.3773136683379529,-0.3773658581277722,0.0005159234690357453,-0.3808767032281457,-0.3761875067816098,-0.38020407010246926,0.008680379988195612,-0.4374115633072045,-0.3073906157026535,-0.38846388811506216,0.0038297900402348367,-0.4144200010716425,-0.3622259672506559,-0.37331517871771824,0.0038370867720765897,-0.4040705742720341,-0.3436868426476129
7,1,-0.3783404988928049,2.997338422616303e-05,-0.3786473824193651,-0.3779964951808812,-0.3792983924606305,0.00013942429361840785,-0.3799267883412883,-0.3777019346039154,-0.3778388160003835,0.00014446510891768055,-0.3788695251346525,-0.3770413063667608,-0.3800835627384052,0.003924838593166046,-0.4222769737314975,-0.3224341704547508,-0.3884661654843023,0.0007403736171265685,-0.3957529040709495,-0.3760013149715285,-0.37310732444968614,0.0008048910899810436,-0.3818892639572008,-0.3616387623011643
7,1,-0.3783335828796215,2.136982969937057e-05,-0.3784314708593587,-0.378252595027971,-0.3792646671019786,5.676420385657421e-05,-0.3794778798374532,-0.3790904005303221,-0.3777848757617261,6.471967918819885e-05,-0.3780070538774532,-0.3776254848221982,-0.3800580758826823,0.0007590305772701823,-0.3843835907946261,-0.3750752468364603,-0.3884666201494939,0.00021995582670480902,-0.3901458522564354,-0.3866616350785872,-0.3731195910983648,0.00017905929926349096,-0.3738672150605416,-0.3718904351031987
7,1,-0.3782953109596875,3.077054317525408e-05,-0.3784551106020554,-0.3781800990266718,-0.3792827392799747,4.6398092725157236e-05,-0.3794660659101042,-0.3788186930375118,-0.37780793586823425,4.7569466882354526e-05,-0.3780133606079375,-0.377644405672593,-0.38008561249077893,0.0007217671396047439,-0.3890263837052426,-0.3742104132486022,-0.3884590463003852,0.0001687712444628559,-0.3895689951077851,-0.3876307550883198,-0.3731291820402496,0.00035397223708659746,-0.3755451794429373,-0.3693619956228763
7,1,-0.37806114482272374,4.668402006199874e-05,-0.3784377746590174,-0.3776608078048644,-0.3798982319296854,0.0001039656964114001,-0.3805780992993751,-0.379223497946015,-0.38003217397703043,0.0004144776328302812,-0.3811849538233854,-0.3778462269785682,-0.38030256715343863,0.0038775503479958244,-0.4233921517024985,-0.3538868162934872,-0.38849528427787033,0.0007520444672208515,-0.3981064809078103,-0.381539143598572,-0.3731378488234495,0.0005546003255599958,-0.3786942362149804,-0.3670404287920399
7,1,-0.37804904194167144,1.1043812622053794e-05,-0.3780918431969081,-0.3780106792240899,-0.3799252038794748,2.0863143989430452e-05,-0.3802386613439362,-0.3798653584863168,-0.38000565388319485,1.4171726347470028e-05,-0.3800654752269122,-0.3799409135109312,-0.3801173255532885,0.00036771912605516915,-0.3857036001261597,-0.3786256176371299,-0.38847379871271137,0.00010634441867490231,-0.3903073722580575,-0.3880691665212941,-0.37311686013696993,0.00010839807663660355,-0.3735683994855944,-0.3724650804396356
7,1,-0.3780499203685974,1.2074618153947905e-05,-0.3780926312541948,-0.378009103438834,-0.37992479718938515,2.1735964432420164e-05,-0.3802386613439362,-0.3797905404571999,-0.3800046290058689,1.4690379488924053e-05,-0.3800654752269122,-0.3799464321472081,-0.38012542171200797,0.0003594423202208313,-0.3857036001261597,-0.3786711352114974,-0.3884726260850649,0.00010741865931367524,-0.3903073722580575,-0.3880691665212941,-0.3731191587183157,0.00011065361171962146,-0.3735683994855944,-0.3720743216108584
7,0,-0.37831295697424744,1.716569315405694e-05,-0.3784692946452641,-0.3782328949130727,-0.3791334517209809,3.062581651415938e-05,-0.3792707516806085,-0.3788328691578898,-0.3776286499787151,2.76446172124115e-05,-0.3777327025351411,-0.377392917299067,-0.3801500832835712,0.0006555224081768663,-0.384292555645891,-0.369749690635456,-0.3884499678927999,0.00020774327143212906,-0.3905150408315716,-0.3865462636488571,-0.3731117354310188,0.00016401207137720948,-0.3751544206141603,-0.3724420946261781
7,0,-0.37806185919760166,3.4611695641587565e-05,-0.3783597629153463,-0.378009103438834,-0.37992270047457166,3.6599663189754496e-05,-0.3802386613439362,-0.3796149146803729,-0.3799151211198413,0.00021310679453894762,-0.3800654752269122,-0.3791123418361302,-0.3799871900625149,0.00026426362292737737,-0.3815842599710212,-0.3785801000627623,-0.38848979940608047,8.381775881221154e-05,-0.3891767322467028,-0.3882537608088622,-0.3731375850507431,5.261224745525722e-05,-0.3735913852990519,-0.3729018108953276
7,0,-0.3782387636381442,2.5426007716080166e-05,-0.3783700066721211,-0.3781170590541783,-0.3788993854034349,5.4817593945607094e-05,-0.3790573232452405,-0.3785682492315678,-0.3773865081171998,4.469821579124228e-05,-0.3776097176665165,-0.3772447045200924,-0.380043228912802,0.0008442661468525767,-0.3847477313895666,-0.3735731668823309,-0.38843381589263765,0.0002939382452841034,-0.3901227779704894,-0.3866847093645332,-0.3730980569879285,0.00031626426724872713,-0.3749705341065004,-0.3699826125862281
7,0,-0.3781006095284359,6.519204150766353e-05,-0.3784803267886434,-0.378009103438834,-0.3799162135312239,5.687214473143895e-05,-0.3802386613439362,-0.3794715792297962,-0.3797121129094051,0.0003377832571832588,-0.3800654752269122,-0.3781387107475969,-0.3800315426454057,0.002464535233752563,-0.3965823007251319,-0.3603958294280481,-0.38848219245084664,0.0007523118278287286,-0.3956375323115868,-0.38149299502668,-0.3731094758307021,0.0005264799464859477,-0.3789011082077289,-0.3683046482038323
7,0,-0.3774232907392429,0.0010306702209665708,-0.3831720721145525,-0.3754646548295934,-0.3785350013629307,0.0006410872602527488,-0.3816153136721276,-0.3757716282678182,-0.3778335745385006,0.0011598027277640187,-0.3820064303440237,-0.3751878593590482,-0.37947959449040825,0.026797475208689428,-0.5742373856787013,-0.2155589055145971,-0.3882269416851911,0.00903259704803099,-0.4617915097891775,-0.3251917389665681,-0.37318672195228875,0.009886723379371562,-0.4510535776358529,-0.2885438735361774
7,0,-0.3782330088591643,3.619735655149481e-05,-0.3784551106020554,-0.3780618993252349,-0.37933213333720983,6.181831948936066e-05,-0.3794849677330754,-0.379024245631025,-0.3778787870180807,8.14950734681517e-05,-0.3780740646185716,-0.377563992387886,-0.3801539692306117,0.0010224460501211774,-0.3913932975723557,-0.3742104132486022,-0.38844930496283164,0.0002898004413157341,-0.3905842636894097,-0.3857617379266927,-0.3731574478650279,0.0004158783168656091,-0.3761198247793743,-0.3693619956228763
7,0,-0.3782816721084308,3.165477561479592e-05,-0.3785236666462385,-0.3781619750263469,-0.37922794843558716,0.00011657853005225839,-0.3795637235185528,-0.3787163103847377,-0.3777450760068621,0.00013582560885872446,-0.3782687907703841,-0.3772762391609268,-0.38008803760478105,0.0020768458041728975,-0.4035464889531173,-0.3641055117390042,-0.38843211369121544,0.0004508648619696904,-0.3920148694180626,-0.3850695093483122,-0.37312417037928264,0.0003861952747115829,-0.375476222002565,-0.3702814281611753
7,0,-0.37827064130174504,3.5037512759690044e-05,-0.3783865548871901,-0.3781406991261928,-0.37893154141115276,6.431201921317795e-05,-0.3791297784230608,-0.3786753572578013,-0.37741403859365574,5.563989756617355e-05,-0.3775766061783256,-0.3772336672475385,-0.38005112492251597,0.0009973627059746586,-0.387797408872193,-0.371638669646584,-0.38842592756639704,0.0003688057144250865,-0.3907919322629238,-0.3864308922191271,-0.37310638086074555,0.000330895947042147,-0.3755681652563948,-0.3700055983996856
7,0,-0.3783253673046968,2.0225579920862437e-05,-0.3784149226442897,-0.3782297430132433,-0.37898098681361486,5.320592494549131e-05,-0.3791360790307179,-0.3787249731854237,-0.3774630079820447,4.737135500364343e-05,-0.3776625380993096,-0.3772163232445002,-0.38003837867946777,0.0009089398920517388,-0.3849980780485881,-0.3728676444796337,-0.3884717938977029,0.00030009964560896675,-0.3903996694018415,-0.3858309607845306,-0.37310770349324834,0.00030306474254602014,-0.3765105836081514,-0.3717295344089963
7,0,-0.3781248977409693,9.533876363971819e-05,-0.378612710533289,-0.3777009957626301,-0.3789451355392652,0.00027207315645189664,-0.3805843992487646,-0.3776105779322576,-0.3775091848289198,0.00046408453831198724,-0.381457728318341,-0.3767015208012159,-0.3800476120612717,0.013736872883714302,-0.4903940218217961,-0.2240479383361553,-0.3883887965342477,0.002057808363282195,-0.3972527323278078,-0.3734400692315209,-0.3731874917218844,0.0016451528168040784,-0.3887850086511812,-0.3608112730166951
7,0,-0.37825446984560657,2.8507607797064848e-05,-0.3784298947447851,-0.3779641874666654,-0.37875182284136993,0.00012730334012873298,-0.3793841599853652,-0.3773624969776103,-0.3772742209238357,8.347282143712077e-05,-0.3781024458941638,-0.3766534305810214,-0.37981598815956813,0.002565136311359165,-0.4133782869672632,-0.3439412249936735,-0.3885498239780782,0.0004001571674335135,-0.3924994294229288,-0.381008434692181,-0.37317662158188303,0.0003771449343930245,-0.3774989735868228,-0.367477159247732
7,0,-0.3782545287848198,4.4378591203119806e-05,-0.3786789024056118,-0.3778719913504679,-0.37890756310141915,0.00020212952081537537,-0.3795684488920121,-0.3773136683379529,-0.3774032305076373,0.00016267769978475303,-0.378379161848569,-0.3764114026326928,-0.3800083445422826,0.002751984509934053,-0.3935098644553216,-0.3526123245363211,-0.388415848210418,0.0016614408698100887,-0.4079822756223372,-0.3677407202732227,-0.3730952308611698,0.0022955047131374084,-0.4040705742720341,-0.3490195507130098
7,0,-0.37831882691347557,1.7562495062964444e-05,-0.3784692946452641,-0.37826126299949,-0.3790952925636308,3.6436959710246306e-05,-0.3792707516806085,-0.3788328691578898,-0.37758573706518594,3.2841766621192484e-05,-0.3777145701084245,-0.377392917299067,-0.38011370653356436,0.000683365310475557,-0.384292555645891,-0.369749690635456,-0.3884448612885331,0.00020900407317848394,-0.3905150408315716,-0.3865462636488571,-0.3731303878534146,0.00016311530093776768,-0.3751544206141603,-0.3724420946261781
7,0,-0.37823720375685776,0.00022701461165885924,-0.3797450648783572,-0.3764740814588218,-0.3789624475926485,0.0004594458841985106,-0.3802772519487098,-0.3777019346039154,-0.3775629813815105,0.0005560613344225109,-0.3808767032281457,-0.3761875067816098,-0.38024728398446284,0.00844605415051038,-0.4374115633072045,-0.3073906157026535,-0.38848886087943113,0.003497114184619181,-0.4144200010716425,-0.3622259672506559,-0.37330468539809997,0.003101432393979652,-0.3983471067211225,-0.3436868426476129
7,0,-0.3781888369238592,7.129956162332193e-05,-0.3784377746590174,-0.3776608078048644,-0.37945742501005447,0.00023015288743528936,-0.3805780992993751,-0.379024245631025,-0.37844649024554566,0.0010548408777442616,-0.3811849538233854,-0.377563992387886,-0.38036462814703814,0.00394353228867368,-0.4233921517024985,-0.3538868162934872,-0.3884760165751823,0.0007845355541113395,-0.3981064809078103,-0.381539143598572,-0.3731636378060193,0.0005914433351447661,-0.3786942362149804,-0.3670404287920399
7,0,-0.3783230769372548,1.718304433072586e-05,-0.3784692946452641,-0.37826126299949,-0.3790830118112951,3.4736247225314874e-05,-0.3792707516806085,-0.3788328691578898,-0.37757195229547463,2.797024124669516e-05,-0.3777145701084245,-0.377392917299067,-0.3801101994417688,0.0007005960175491757,-0.384292555645891,-0.369749690635456,-0.38844255385993853,0.00020985837153209745,-0.3905150408315716,-0.3865462636488571,-0.3731285037703443,0.0001635782452246981,-0.3751544206141603,-0.3724420946261781
7,0,-0.377958125342407,0.000576290815468209,-0.3793163933288561,-0.3754512588436715,-0.3797319118715895,0.0006091821405811339,-0.3805355709382409,-0.3764166389473816,-0.37929610332069547,0.0005261511783907365,-0.3804588696489285,-0.3763893280875849,-0.3798233501969246,0.006611091424410428,-0.4205245448424678,-0.3148554952979289,-0.3882365592875506,0.004031938667562426,-0.4184810750685084,-0.3467892696231396,-0.37341765181121794,0.00635882323579878,-0.428320609439884,-0.3196436814427241
7,0,-0.3782393671957829,0.00022738632586295855,-0.3797450648783572,-0.3764740814588218,-0.3789740773391207,0.0004593238409039737,-0.3802772519487098,-0.3777019346039154,-0.3775741414768918,0.0005544321758568956,-0.3808767032281457,-0.3761875067816098,-0.3802499373077634,0.008446812751942845,-0.4374115633072045,-0.3073906157026535,-0.388487837881532,0.003497100662717669,-0.4144200010716425,-0.3622259672506559,-0.37330593093478975,0.0031013279404067465,-0.3983471067211225,-0.3436868426476129
7,0,-0.3782399185089346,2.5931738966971086e-05,-0.3783700066721211,-0.3781170590541783,-0.3789021289497284,5.6418581410405654e-05,-0.3790573232452405,-0.3785682492315678,-0.3773891303997814,4.611471939310339e-05,-0.3776097176665165,-0.3772447045200924,-0.3800427065799814,0.0008432408772127046,-0.3847477313895666,-0.3735731668823309,-0.38843336197225836,0.00029221560904189387,-0.3901227779704894,-0.3866847093645332,-0.3731014106557936,0.0003165443622810701,-0.3749705341065004,-0.3699826125862281
7,0,-0.37832561618936084,1.4077715044130129e-05,-0.3783865548871901,-0.3782675667991487,-0.37907837261035976,2.6511982081609697e-05,-0.3792148348161952,-0.3788974488229892,-0.377566318647195,1.8644083814842033e-05,-0.3776310034584752,-0.3774772720432237,-0.38011760748856704,0.0004488035000050565,-0.384292555645891,-0.3771462964701843,-0.38844449308382484,0.00013975173604945917,-0.3889921379591347,-0.3876307550883198,-0.3731246109886601,9.128677685190788e-05,-0.3735454136721369,-0.3727409102011252
7,0,-0.37824958529497676,3.988859265828388e-05,-0.3784732346023802,-0.3781083910826593,-0.3789032513745164,7.346000084784269e-05,-0.3792053843984103,-0.3785083949399278,-0.37738792285952466,5.6853731366836504e-05,-0.3775647808115642,-0.3770862432217131,-0.380037148260148,0.0014884073717753043,-0.3882981025153617,-0.3657441434408596,-0.3884211156873902,0.0003807499341509727,-0.3906765608331937,-0.3853925493515564,-0.3730987566664624,0.00037294603732320846,-0.3753153213083626,-0.3689252651671842
7,0,-0.3783106046059977,1.5817977653996968e-05,-0.3783644909297491,-0.3780784472109861,-0.3789464491409764,1.658131770804951e-05,-0.3790376344634379,-0.3788998113451519,-0.3774367269803238,1.4742176816082196e-05,-0.3775348230180864,-0.3774000124532296,-0.3799871900625149,0.00026426362292737737,-0.3815842599710212,-0.3785801000627623,-0.38848979940608047,8.381775881221154e-05,-0.3891767322467028,-0.3882537608088622,-0.3731375850507431,5.261224745525722e-05,-0.3735913852990519,-0.3729018108953276
7,0,-0.37824618357819123,0.0009811942533608253,-0.3833280962605303,-0.3752432271978974,-0.37891768218984284,0.0005440989251809259,-0.3809427386980408,-0.3748399460288338,-0.377829666310534,0.0009073602987816434,-0.3811983560375032,-0.3761220722289062,-0.38017534532244157,0.0142738757328169,-0.4514082184006054,-0.2698841292217765,-0.3882387189519471,0.007226431918080204,-0.4496544380186351,-0.3382748548127337,-0.37280537614560977,0.010525014824185754,-0.4310099456739835,-0.284981070480056
7,0,-0.37830863346471477,1.1753962233945015e-05,-0.3783416389150215,-0.3782691429137222,-0.3789321970726344,1.8052093485457818e-05,-0.3790305462386821,-0.3788336564458549,-0.37742251125288423,1.4422053376869834e-05,-0.3774804257379367,-0.3773803035086274,-0.3800731736659701,0.00022157088917721722,-0.3821759884377995,-0.3783752709781083,-0.388476963794918,5.7350571964197574e-05,-0.3887844693856205,-0.3881614636650782,-0.37311664710255255,4.913217546667909e-05,-0.3736373569259668,-0.3728558392684127
7,0,-0.37802700768328956,0.0007972345883766463,-0.3786434424622489,-0.3753551234289933,-0.3788657734373152,0.0002659191234077316,-0.3800055437976319,-0.3775003197667626,-0.37759856673679104,0.0005909506754978008,-0.3799172627774085,-0.3758288003656701,-0.3802126886014712,0.006301451041616808,-0.4581220635459501,-0.3223431356311412,-0.3884027601684928,0.0036687970602160168,-0.4177888471493933,-0.3370749922731736,-0.3731291443585882,0.004468047375021296,-0.4170345717485755,-0.3258038774791151
